Workbook

Sheet What_If_Model
A1: Coffee Shop Revenue What-If Model
A3: Selling Price per Customer | B3: 150
A4: Customer Footfall per Day | B4: 80
A5: Operating Days per Month | B5: 30
A6: Expected Monthly Revenue | B6: =B3*B4*B5 -> 360000
A7: Monthly Revenue Target | B7: 450000
A8: Difference from Target | B8: =B6-B7 -> -90000

Sheet What_If_Analysis
A1: Goal Seek Analysis
A3: Monthly Revenue Target | B3: =What_If_Model!B7 -> 450000
A4: Selling Price | B4: =What_If_Model!B3 -> 150
A5: Daily Footfall | B5: =What_If_Model!B4 -> 80
A6: Operating Days | B6: =What_If_Model!B5 -> 30
A8: Required Daily Footfall | B8: =B3/(B4*B6) -> 100
A9: Required Whole Customers per Day | B9: =ROUNDUP(B8,0) -> 100
A10: Required Price at Current Footfall | B10: =B3/(B5*B6) -> 187.5
A12: Monthly Revenue by Price and Footfall
A14: Price / Footfall | B14: 60 | C14: 80 | D14: 100 | E14: 120
A15: 125 | B15: =$A15*B$14*What_If_Model!$B$5 -> 225000 | C15: =$A15*C$14*What_If_Model!$B$5 -> 300000 | D15: =$A15*D$14*What_If_Model!$B$5 -> 375000 | E15: =$A15*E$14*What_If_Model!$B$5 -> 450000
A16: 150 | B16: =$A16*B$14*What_If_Model!$B$5 -> 270000 | C16: =$A16*C$14*What_If_Model!$B$5 -> 360000 | D16: =$A16*D$14*What_If_Model!$B$5 -> 450000 | E16: =$A16*E$14*What_If_Model!$B$5 -> 540000
A17: 175 | B17: =$A17*B$14*What_If_Model!$B$5 -> 315000 | C17: =$A17*C$14*What_If_Model!$B$5 -> 420000 | D17: =$A17*D$14*What_If_Model!$B$5 -> 525000 | E17: =$A17*E$14*What_If_Model!$B$5 -> 630000
A18: 200 | B18: =$A18*B$14*What_If_Model!$B$5 -> 360000 | C18: =$A18*C$14*What_If_Model!$B$5 -> 480000 | D18: =$A18*D$14*What_If_Model!$B$5 -> 600000 | E18: =$A18*E$14*What_If_Model!$B$5 -> 720000
A20: Scenario Analysis
A22: Scenario | B22: Price | C22: Daily Footfall | D22: Operating Days
A23: Low Footfall | B23: 150 | C23: 60 | D23: 30 | E23: =B23*C23*D23 -> 270000
A24: Normal | B24: 150 | C24: 80 | D24: 30 | E24: =B24*C24*D24 -> 360000
A25: High Footfall | B25: 150 | C25: 100 | D25: 30 | E25: =B25*C25*D25 -> 450000
